Workbook

Sheet Summary
A1: DemoBlaze – Test Case Suite (Login & Cart)
A2: Application under test: https://www.demoblaze.com · Framework: Playwright + TypeScript · Counts below are formulas over each sheet.
A4: Module | B4: Total | C4: Functional | D4: Negative | E4: Edge | F4: Security | G4: Performance | H4: High priority | I4: Automated | J4: Manual | K4: Automation coverage | L4: Known defects
A5: Login | B5: =COUNTA(Login!$A$2:$A$200) | C5: =COUNTIF(Login!$C$2:$C$200,"Functional") | D5: =COUNTIF(Login!$C$2:$C$200,"Negative") | E5: =COUNTIF(Login!$C$2:$C$200,"Edge") | F5: =COUNTIF(Login!$C$2:$C$200,"Security") | G5: =COUNTIF(Login!$C$2:$C$200,"Performance") | H5: =COUNTIF(Login!$D$2:$D$200,"High") | I5: =COUNTIF(Login!$I$2:$I$200,"Yes") | J5: =COUNTIF(Login!$I$2:$I$200,"No") | K5: =IFERROR(I5/B5,0) | L5: =COUNTIF(Login!$K$2:$K$200,"*DEFECT*")
A6: Cart | B6: =COUNTA(Cart!$A$2:$A$200) | C6: =COUNTIF(Cart!$C$2:$C$200,"Functional") | D6: =COUNTIF(Cart!$C$2:$C$200,"Negative") | E6: =COUNTIF(Cart!$C$2:$C$200,"Edge") | F6: =COUNTIF(Cart!$C$2:$C$200,"Security") | G6: =COUNTIF(Cart!$C$2:$C$200,"Performance") | H6: =COUNTIF(Cart!$D$2:$D$200,"High") | I6: =COUNTIF(Cart!$I$2:$I$200,"Yes") | J6: =COUNTIF(Cart!$I$2:$I$200,"No") | K6: =IFERROR(I6/B6,0) | L6: =COUNTIF(Cart!$K$2:$K$200,"*DEFECT*")
A7: Place Order | B7: =COUNTA('Place Order'!$A$2:$A$200) | C7: =COUNTIF('Place Order'!$C$2:$C$200,"Functional") | D7: =COUNTIF('Place Order'!$C$2:$C$200,"Negative") | E7: =COUNTIF('Place Order'!$C$2:$C$200,"Edge") | F7: =COUNTIF('Place Order'!$C$2:$C$200,"Security") | G7: =COUNTIF('Place Order'!$C$2:$C$200,"Performance") | H7: =COUNTIF('Place Order'!$D$2:$D$200,"High") | I7: =COUNTIF('Place Order'!$I$2:$I$200,"Yes") | J7: =COUNTIF('Place Order'!$I$2:$I$200,"No") | K7: =IFERROR(I7/B7,0) | L7: =COUNTIF('Place Order'!$K$2:$K$200,"*DEFECT*")
A8: API | B8: =COUNTA(API!$A$2:$A$200) | C8: =COUNTIF(API!$C$2:$C$200,"Functional") | D8: =COUNTIF(API!$C$2:$C$200,"Negative") | E8: =COUNTIF(API!$C$2:$C$200,"Edge") | F8: =COUNTIF(API!$C$2:$C$200,"Security") | G8: =COUNTIF(API!$C$2:$C$200,"Performance") | H8: =COUNTIF(API!$D$2:$D$200,"High") | I8: =COUNTIF(API!$I$2:$I$200,"Yes") | J8: =COUNTIF(API!$I$2:$I$200,"No") | K8: =IFERROR(I8/B8,0) | L8: =COUNTIF(API!$K$2:$K$200,"*DEFECT*")
A9: Performance | B9: =COUNTA(Performance!$A$2:$A$200) | C9: =COUNTIF(Performance!$C$2:$C$200,"Functional") | D9: =COUNTIF(Performance!$C$2:$C$200,"Negative") | E9: =COUNTIF(Performance!$C$2:$C$200,"Edge") | F9: =COUNTIF(Performance!$C$2:$C$200,"Security") | G9: =COUNTIF(Performance!$C$2:$C$200,"Performance") | H9: =COUNTIF(Performance!$D$2:$D$200,"High") | I9: =COUNTIF(Performance!$I$2:$I$200,"Yes") | J9: =COUNTIF(Performance!$I$2:$I$200,"No") | K9: =IFERROR(I9/B9,0) | L9: =COUNTIF(Performance!$K$2:$K$200,"*DEFECT*")
A10: Total | B10: =SUM(B5:B9) | C10: =SUM(C5:C9) | D10: =SUM(D5:D9) | E10: =SUM(E5:E9) | F10: =SUM(F5:F9) | G10: =SUM(G5:G9) | H10: =SUM(H5:H9) | I10: =SUM(I5:I9) | J10: =SUM(J5:J9) | K10: =IFERROR(I10/B10,0) | L10: =SUM(L5:L9)
A12: Legend
A13: Type | B13: Functional = happy path · Negative = invalid input / rejected action · Edge = boundary or unusual flow · Security / Performance as named
A14: Automated | B14: Yes = covered by the Playwright/k6 suite (see Automation Reference) · No = manual or exploratory only
A15: (test.fail) | B15: Automated test asserts the CORRECT behaviour and is marked test.fail() because the site currently has a defect; it will alert when the defect is fixed.
A16: Notes in red | B16: Defects found on the live site while writing these cases.
A17: Adding cases | B17: Append a row on the module sheet; Type, Priority and Automated have drop-downs and the Summary updates automatically.

Sheet Login
A1: ID | B1: Title | C1: Type | D1: Priority | E1: Preconditions | F1: Steps | G1: Test Data | H1: Expected Result | I1: Automated | J1: Automation Reference | K1: Notes
A2: TC-LOGIN-01 | B2: Login with valid username and password | C2: Functional | D2: High | E2: User is on https://www.demoblaze.com; Registered account (created by the test via API) | F2: 1. Click "Log in" 2. Enter valid username 3. Enter valid password 4. Click "Log in" | G2: Valid credentials | H2: Modal closes; navbar shows "Welcome <username>" and "Log out"; "Log in"/"Sign up" hidden | I2: Yes | J2: tests/ui/login.spec.ts
A3: TC-LOGIN-02 | B3: Login with valid username and wrong password | C3: Negative | D3: High | E3: User is on https://www.demoblaze.com; Registered account (created by the test via API) | F3: 1. Open Log in modal 2. Enter valid username, wrong password 3. Click "Log in" | G3: password = wrong_password_123 | H3: Alert "Wrong password."; user stays logged out | I3: Yes | J3: tests/ui/login.spec.ts
A4: TC-LOGIN-03 | B4: Login with non-existing username | C4: Negative | D4: High | E4: User is on https://www.demoblaze.com | F4: 1. Open Log in modal 2. Enter an unregistered username 3. Click "Log in" | G4: username = ghost_<timestamp> | H4: Alert "User does not exist."; user stays logged out | I4: Yes | J4: tests/ui/login.spec.ts
A5: TC-LOGIN-04 | B5: Login with empty username and password | C5: Negative | D5: High | E5: User is on https://www.demoblaze.com | F5: 1. Open Log in modal 2. Leave both fields empty 3. Click "Log in" | G5: — | H5: Alert "Please fill out Username and Password."; modal stays open | I5: Yes | J5: tests/ui/login.spec.ts
A6: TC-LOGIN-05 | B6: Login with empty password | C6: Negative | D6: Medium | E6: User is on https://www.demoblaze.com; Registered account (created by the test via API) | F6: 1. Enter valid username only 2. Click "Log in" | G6: — | H6: Alert "Please fill out Username and Password." | I6: Yes | J6: tests/ui/login.spec.ts
A7: TC-LOGIN-06 | B7: Login with empty username | C7: Negative | D7: Medium | E7: User is on https://www.demoblaze.com; Registered account (created by the test via API) | F7: 1. Enter valid password only 2. Click "Log in" | G7: — | H7: Alert "Please fill out Username and Password." | I7: Yes | J7: tests/ui/login.spec.ts
A8: TC-LOGIN-07 | B8: Password is case-sensitive | C8: Edge | D8: Medium | E8: User is on https://www.demoblaze.com; Registered account (created by the test via API) | F8: 1. Enter valid username 2. Enter the password in UPPER CASE 3. Click "Log in" | G8: password.toUpperCase() | H8: Alert "Wrong password." | I8: Yes | J8: tests/ui/login.spec.ts
A9: TC-LOGIN-08 | B9: SQL injection string does not authenticate | C9: Security | D9: High | E9: User is on https://www.demoblaze.com | F9: 1. Enter ' OR '1'='1 as username and password 2. Click "Log in" | G9: ' OR '1'='1 | H9: Error alert ("User does not exist." or "Wrong password."); user stays logged out | I9: Yes | J9: tests/ui/login.spec.ts | K9: Someone registered this username on the public site, so either error is accepted.
A10: TC-LOGIN-09 | B10: Password field is masked | C10: Security | D10: Medium | E10: User is on https://www.demoblaze.com | F10: 1. Open Log in modal 2. Inspect password input | G10: — | H10: Password input has type="password" | I10: Yes | J10: tests/ui/login.spec.ts
A11: TC-LOGIN-10 | B11: Closing the modal does not log in | C11: Edge | D11: Low | E11: User is on https://www.demoblaze.com; Registered account (created by the test via API) | F11: 1. Open Log in modal 2. Enter valid credentials 3. Click "Close" | G11: Valid credentials | H11: Modal closes; user stays logged out | I11: Yes | J11: tests/ui/login.spec.ts
A12: TC-LOGIN-11 | B12: Session persists after page reload | C12: Functional | D12: Medium | E12: User is on https://www.demoblaze.com; Registered account (created by the test via API) | F12: 1. Log in 2. Reload the page | G12: Valid credentials | H12: User is still logged in after reload | I12: Yes | J12: tests/ui/login.spec.ts
A13: TC-LOGIN-12 | B13: Logout ends the session | C13: Functional | D13: High | E13: User is logged in | F13: 1. Click "Log out" 2. Reload the page | G13: — | H13: "Log in" link visible, welcome text hidden, still logged out after reload | I13: Yes | J13: tests/ui/login.spec.ts
A14: TC-LOGIN-13 | B14: Newly registered user can log in | C14: Functional | D14: High | E14: User is on https://www.demoblaze.com | F14: 1. Sign up with a new username/password 2. Accept "Sign up successful." 3. Log in with the same credentials | G14: Random user | H14: Alert "Sign up successful."; user is logged in | I14: Yes | J14: tests/ui/login.spec.ts
A15: TC-LOGIN-14 | B15: Username with leading/trailing spaces | C15: Edge | D15: Low | E15: User is on https://www.demoblaze.com; Registered account (created by the test via API) | F15: 1. Enter " <username> " (with spaces) 2. Enter valid password 3. Click "Log in" | G15: Username padded with spaces | H15: Spaces are trimmed and login succeeds, or a clear error is shown | I15: No | J15: — | K15: Behaviour not specified by the site; verify manually.
A16: TC-LOGIN-15 | B16: Username is case-sensitive | C16: Edge | D16: Low | E16: User is on https://www.demoblaze.com; Registered account (created by the test via API) | F16: 1. Enter the username in a different case 2. Enter valid password 3. Click "Log in" | G16: USERNAME in upper case | H16: Alert "User does not exist." | I16: No | J16: —
A17: TC-LOGIN-16 | B17: Very long username (> 255 chars) | C17: Edge | D17: Low | E17: User is on https://www.demoblaze.com | F17: 1. Enter a 300-character username and any password 2. Click "Log in" | G17: 300 x "a" | H17: Graceful error, no crash or hang | I17: No | J17: —
A18: TC-LOGIN-17 | B18: Submit with Enter key | C18: Edge | D18: Low | E18: User is on https://www.demoblaze.com; Registered account (created by the test via API) | F18: 1. Enter valid credentials 2. Press Enter in the password field | G18: Valid credentials | H18: Form is submitted and user is logged in | I18: No | J18: — | K18: Known gap: the site does not bind Enter to submit.
A19: TC-LOGIN-18 | B19: Log in from the Cart page | C19: Functional | D19: Medium | E19: User is on cart.html; Registered account (created by the test via API) | F19: 1. Open Cart page 2. Log in | G19: Valid credentials | H19: User is logged in and the cart reloads with the user's items | I19: Yes | J19: tests/ui/cart.spec.ts (TC-CART-08)

Sheet Cart
A1: ID | B1: Title | C1: Type | D1: Priority | E1: Preconditions | F1: Steps | G1: Test Data | H1: Expected Result | I1: Automated | J1: Automation Reference | K1: Notes
A2: TC-CART-01 | B2: Guest adds a product to cart | C2: Functional | D2: High | E2: User is on https://www.demoblaze.com | F2: 1. Click category "Phones" 2. Open "Nexus 6" 3. Verify name and price 4. Click "Add to cart" 5. Open Cart | G2: Nexus 6 – $650 | H2: Alert "Product added."; cart shows 1 row "Nexus 6" / 650; total = 650 | I2: Yes | J2: tests/ui/cart.spec.ts
A3: TC-CART-02 | B3: Logged-in user adds a product to cart | C3: Functional | D3: High | E3: User is logged in | F3: 1. Open "Sony vaio i5" 2. Click "Add to cart" 3. Open Cart | G3: Sony vaio i5 – $790 | H3: Cart shows 1 row "Sony vaio i5" / 790 | I3: Yes | J3: tests/ui/cart.spec.ts
A4: TC-CART-03 | B4: Add products from different categories | C4: Functional | D4: High | E4: User is on https://www.demoblaze.com | F4: 1. Add Nexus 6, Sony vaio i5, Apple monitor 24 2. Open Cart | G4: 650 + 790 + 400 | H4: 3 rows with the right titles; total = 1840 | I4: Yes | J4: tests/ui/cart.spec.ts
A5: TC-CART-04 | B5: Add the same product twice | C5: Edge | D5: Medium | E5: User is on https://www.demoblaze.com | F5: 1. Open Apple monitor 24 2. Click "Add to cart" twice 3. Open Cart | G5: Apple monitor 24 – $400 | H5: 2 rows; total = 800 | I5: Yes | J5: tests/ui/cart.spec.ts | K5: Site has no quantity field; each click adds a line.
A6: TC-CART-05 | B6: Delete a product from cart | C6: Functional | D6: High | E6: Cart contains Nexus 6 and Apple monitor 24 | F6: 1. Click "Delete" on Nexus 6 | G6: — | H6: Nexus 6 removed; 1 row left; total = 400 | I6: Yes | J6: tests/ui/cart.spec.ts
A7: TC-CART-06 | B7: Delete the last product | C7: Edge | D7: Medium | E7: Cart contains 1 product | F7: 1. Click "Delete" | G7: — | H7: Cart has no rows and total is empty | I7: Yes | J7: tests/ui/cart.spec.ts
A8: TC-CART-07 | B8: New visitor sees an empty cart | C8: Edge | D8: Medium | E8: New browser session | F8: 1. Open Cart page | G8: — | H8: No rows; total empty | I8: Yes | J8: tests/ui/cart.spec.ts
A9: TC-CART-08 | B9: Logged-in cart kept after logout and login | C9: Functional | D9: High | E9: User is logged in | F9: 1. Add Sony vaio i5 2. Log out 3. Open Cart (guest) 4. Log in again 5. Open Cart | G9: — | H9: Guest cart is empty; after login the user's cart still has Sony vaio i5 | I9: Yes | J9: tests/ui/cart.spec.ts
A10: TC-CART-09 | B10: Guest cart is not merged into user cart on login | C10: Edge | D10: Low | E10: Guest has 1 item in cart | F10: 1. Log in 2. Open Cart | G10: — | H10: Only the user's own items are shown (guest items are not merged) | I10: No | J10: — | K10: Document current behaviour; confirm expectation with PO.
A11: TC-CART-10 | B11: Cart is isolated between users | C11: Security | D11: High | E11: Two accounts | F11: 1. User A adds a product 2. User B views cart | G11: — | H11: User B's cart does not contain User A's product | I11: Yes | J11: tests/api/cart.api.spec.ts (TC-API-14)
A12: TC-CART-11 | B12: Price in cart matches product page | C12: Functional | D12: Medium | E12: User is on https://www.demoblaze.com | F12: 1. Note price on product page 2. Add to cart 3. Compare in Cart | G12: Any product | H12: Price in cart row equals product page price | I12: Yes | J12: tests/ui/cart.spec.ts (TC-CART-01)
A13: TC-CART-12 | B13: Add to cart without waiting for the alert (double click) | C13: Edge | D13: Low | E13: User is on https://www.demoblaze.com | F13: 1. Double-click "Add to cart" quickly | G13: — | H13: Exactly the number of clicks is added, no errors | I13: No | J13: —

Sheet Place Order
A1: ID | B1: Title | C1: Type | D1: Priority | E1: Preconditions | F1: Steps | G1: Test Data | H1: Expected Result | I1: Automated | J1: Automation Reference | K1: Notes
A2: TC-ORDER-01 | B2: Login, add to cart and place order (E2E) | C2: Functional | D2: High | E2: User is on https://www.demoblaze.com; Registered account (created by the test via API) | F2: 1. Log in 2. Add Nexus 6 3. Open Cart, check row and total 4. Place Order, fill all fields 5. Click "Purchase" 6. Click "OK" | G2: Name, country, city, card 4111111111111111, 12/2030 | H2: "Thank you for your purchase!" with Id, Amount 650 USD, card and name; OK goes to home; cart is empty afterwards | I2: Yes | J2: tests/ui/cart.spec.ts | K2: Demo scenario required by the assignment.
A3: TC-ORDER-02 | B3: Guest places an order | C3: Functional | D3: High | E3: User is on https://www.demoblaze.com | F3: 1. Add Sony vaio i5 2. Place Order with valid data | G3: Valid customer data | H3: Confirmation Amount = 790; cart empty afterwards | I3: Yes | J3: tests/ui/cart.spec.ts
A4: TC-ORDER-03 | B4: Order amount equals cart total (several products) | C4: Functional | D4: High | E4: User is logged in | F4: 1. Add Nexus 6 and Apple monitor 24 2. Place Order | G4: Valid customer data | H4: Confirmation Amount = 1050 | I4: Yes | J4: tests/ui/cart.spec.ts
A5: TC-ORDER-04 | B5: Purchase with all fields empty | C5: Negative | D5: High | E5: Cart has 1 product | F5: 1. Place Order 2. Leave all fields empty 3. Click "Purchase" | G5: — | H5: Alert "Please fill out Name and Creditcard."; form stays open; cart unchanged | I5: Yes | J5: tests/ui/cart.spec.ts
A6: TC-ORDER-05 | B6: Purchase without credit card | C6: Negative | D6: High | E6: Cart has 1 product | F6: 1. Fill Name only 2. Click "Purchase" | G6: Name only | H6: Alert "Please fill out Name and Creditcard." | I6: Yes | J6: tests/ui/cart.spec.ts
A7: TC-ORDER-06 | B7: Purchase without name | C7: Negative | D7: High | E7: Cart has 1 product | F7: 1. Fill Credit card only 2. Click "Purchase" | G7: Card only | H7: Alert "Please fill out Name and Creditcard." | I7: Yes | J7: tests/ui/cart.spec.ts
A8: TC-ORDER-07 | B8: Closing the order form keeps the cart | C8: Edge | D8: Medium | E8: Cart has 1 product | F8: 1. Place Order, fill form 2. Click "Close" | G8: Valid data | H8: Form closes; cart and total unchanged | I8: Yes | J8: tests/ui/cart.spec.ts
A9: TC-ORDER-08 | B9: Purchase with an empty cart is blocked | C9: Edge | D9: High | E9: Cart is empty | F9: 1. Open Cart 2. Place Order with valid data 3. Click "Purchase" | G9: Valid customer data | H9: Order is refused (e.g. "Cart is empty") | I9: Yes | J9: tests/ui/cart.spec.ts (test.fail) | K9: DEFECT: site confirms the order with "Amount: 0 USD".
A10: TC-ORDER-09 | B10: Confirmation shows the current date | C10: Edge | D10: Medium | E10: Cart has 1 product | F10: 1. Place a valid order 2. Read "Date" in confirmation | G10: — | H10: Date = today (d/m/yyyy) | I10: Yes | J10: tests/ui/cart.spec.ts (test.fail) | K10: DEFECT: month is one less than today (JavaScript getMonth() is 0-based).
A11: TC-ORDER-10 | B11: Non-numeric credit card number | C11: Negative | D11: Medium | E11: Cart has 1 product | F11: 1. Enter Name and card "abcd" 2. Click "Purchase" | G11: card = abcd | H11: Validation error for invalid card | I11: No | J11: — | K11: Expected DEFECT: site accepts any text as a card number.
A12: TC-ORDER-11 | B12: Invalid month / year | C12: Negative | D12: Low | E12: Cart has 1 product | F12: 1. Enter month 13 and year 1999 2. Click "Purchase" | G12: month = 13, year = 1999 | H12: Validation error for invalid / expired date | I12: No | J12: — | K12: Expected DEFECT: no validation on month/year.
A13: TC-ORDER-12 | B13: Whitespace-only name | C13: Edge | D13: Low | E13: Cart has 1 product | F13: 1. Enter " " as Name and a valid card 2. Click "Purchase" | G13: name = 3 spaces | H13: Validation error | I13: No | J13: —

Sheet API
A1: ID | B1: Title | C1: Type | D1: Priority | E1: Preconditions | F1: Steps | G1: Test Data | H1: Expected Result | I1: Automated | J1: Automation Reference | K1: Notes
A2: TC-API-01 | B2: POST /signup creates a new user | C2: Functional | D2: High | E2: — | F2: POST /signup {username, base64(password)} | G2: Random user | H2: HTTP 200, body "" | I2: Yes | J2: tests/api/auth.api.spec.ts
A3: TC-API-02 | B3: POST /signup with existing username | C3: Negative | D3: High | E3: User exists | F3: POST /signup with the same username | G3: Existing user | H3: {"errorMessage":"This user already exist."} | I3: Yes | J3: tests/api/auth.api.spec.ts
A4: TC-API-03 | B4: POST /login with valid credentials | C4: Functional | D4: High | E4: User exists | F4: POST /login | G4: Valid credentials | H4: HTTP 200, body "Auth_token: <token>" | I4: Yes | J4: tests/api/auth.api.spec.ts
A5: TC-API-04 | B5: POST /check validates the token | C5: Functional | D5: Medium | E5: Token from TC-API-03 | F5: POST /check {token} | G5: — | H5: Item.username = user, Item.token = token | I5: Yes | J5: tests/api/auth.api.spec.ts
A6: TC-API-05 | B6: POST /login with wrong password | C6: Negative | D6: High | E6: User exists | F6: POST /login with wrong password | G6: — | H6: {"errorMessage":"Wrong password."} | I6: Yes | J6: tests/api/auth.api.spec.ts
A7: TC-API-06 | B7: POST /login with unknown user | C7: Negative | D7: High | E7: — | F7: POST /login | G7: Unknown user | H7: {"errorMessage":"User does not exist."} | I7: Yes | J7: tests/api/auth.api.spec.ts
A8: TC-API-07 | B8: POST /login with empty credentials | C8: Negative | D8: Medium | E8: — | F8: POST /login {"username":"","password":""} | G8: — | H8: HTTP 4xx validation error | I8: Yes | J8: tests/api/auth.api.spec.ts (test.fail) | K8: DEFECT: API returns HTTP 500.
A9: TC-API-08 | B9: GET /entries lists products | C9: Functional | D9: High | E9: — | F9: GET /entries | G9: — | H9: HTTP 200; every item has id, title, price, cat | I9: Yes | J9: tests/api/products.api.spec.ts
A10: TC-API-09 | B10: POST /bycat filters by category | C10: Functional | D10: Medium | E10: — | F10: POST /bycat for phone, notebook, monitor | G10: — | H10: All items belong to the category; known product present | I10: Yes | J10: tests/api/products.api.spec.ts
A11: TC-API-10 | B11: POST /view returns product details | C11: Functional | D11: Medium | E11: — | F11: POST /view {id: 3} | G11: — | H11: title "Nexus 6", price 650 | I11: Yes | J11: tests/api/products.api.spec.ts
A12: TC-API-11 | B12: POST /addtocart adds a cart line | C12: Functional | D12: High | E12: Logged-in token | F12: POST /addtocart then /viewcart | G12: prod_id 3 | H12: Cart has 1 line for prod_id 3 owned by the user | I12: Yes | J12: tests/api/cart.api.spec.ts
A13: TC-API-12 | B13: POST /deleteitem removes one line | C13: Functional | D13: High | E13: Cart has 2 lines | F13: POST /deleteitem {id} | G13: — | H13: Only the other line remains | I13: Yes | J13: tests/api/cart.api.spec.ts
A14: TC-API-13 | B14: POST /deletecart empties the cart | C14: Functional | D14: Medium | E14: Cart has items | F14: POST /deletecart {cookie: username} | G14: — | H14: /viewcart returns no items | I14: Yes | J14: tests/api/cart.api.spec.ts
A15: TC-API-14 | B15: Cart is isolated between users | C15: Security | D15: High | E15: Two users | F15: User A adds item; User B views cart | G15: — | H15: User B's cart is empty | I15: Yes | J15: tests/api/cart.api.spec.ts

Sheet Performance
A1: ID | B1: Title | C1: Type | D1: Priority | E1: Preconditions | F1: Steps | G1: Test Data | H1: Expected Result | I1: Automated | J1: Automation Reference | K1: Notes
A2: TC-PERF-01 | B2: Home page load time | C2: Performance | D2: Medium | E2: — | F2: Open home page, read Navigation Timing | G2: Budget PERF_PAGE_LOAD_BUDGET_MS (default 5000) | H2: load event and product list visible within budget | I2: Yes | J2: tests/performance/performance.spec.ts | K2: Metrics attached to the report as JSON.
A3: TC-PERF-02 | B3: Cart page load time | C3: Performance | D3: Medium | E3: — | F3: Open cart page, read Navigation Timing | G3: Same budget | H3: load event within budget | I3: Yes | J3: tests/performance/performance.spec.ts
A4: TC-PERF-03 | B4: API latency under concurrency | C4: Performance | D4: Medium | E4: — | F4: Fire N concurrent requests to /entries, /login, /view | G4: PERF_API_CONCURRENCY (default 10); PERF_API_P95_BUDGET_MS (default 1500) | H4: 0 failures; p95 below budget | I4: Yes | J4: tests/performance/performance.spec.ts
A5: TC-PERF-04 | B5: Sustained load on API | C5: Performance | D5: Low | E5: k6 installed | F5: Ramp to VUS users for DURATION: browse, login, view product | G5: VUS=5, DURATION=30s | H5: http_req_failed < 1%; p95 < P95_MS; checks > 99% | I5: Yes | J5: performance/k6/login-load.js | K5: Manual trigger in CI (workflow_dispatch).
